{
    "target_stop_run_90s": {
        "ate": 0.09356213361024857,
        "auc": 0.9084699349646829
    },
    "target_reverse_trend_180s": {
        "ate": 0.039085496217012405,
        "auc": 0.9123496633155213
    },
    "target_improve_margin_90s": {
        "ate": 0.049609486013650894,
        "auc": 0.9112880244608401
    },
    "target_improve_margin_180s": {
        "ate": 0.08004750311374664,
        "auc": 0.9101248171284784
    }
}