{
    "target_stop_run_90s": {
        "ate": 0.3290528655052185,
        "auc": 0.7936726158202122
    },
    "target_reverse_trend_180s": {
        "ate": -0.047587163746356964,
        "auc": 0.7936726158202122
    },
    "target_improve_margin_90s": {
        "ate": 0.08466389775276184,
        "auc": 0.7936726158202122
    },
    "target_improve_margin_180s": {
        "ate": 0.07237079739570618,
        "auc": 0.7936726158202122
    }
}